{
  "parent": "minecraft:recipes/root",
  "criteria": {
    "has_glow_berries": {
      "conditions": {
        "items": [
          {
            "items": [
              "minecraft:glow_berries"
            ]
          }
        ]
      },
      "trigger": "minecraft:inventory_changed"
    },
    "has_the_recipe": {
      "conditions": {
        "recipe": "vgn:caramel"
      },
      "trigger": "minecraft:recipe_unlocked"
    }
  },
  "requirements": [
    [
      "has_glow_berries",
      "has_the_recipe"
    ]
  ],
  "rewards": {
    "recipes": [
      "vgn:caramel"
    ]
  }
}