{
    "parent": "minecraft:recipes/root",
    "criteria": {
        "has_beetroot": {
            "conditions": {
                "items": [
                    {
                        "items": [
                            "minecraft:beetroot"
                        ]
                    }
                ]
            },
            "trigger": "minecraft:inventory_changed"
        },
        "has_brown": {
            "conditions": {
                "items": [
                    {
                        "items": [
                            "minecraft:brown_mushroom"
                        ]
                    }
                ]
            },
            "trigger": "minecraft:inventory_changed"
        },
        "has_red": {
            "conditions": {
                "items": [
                    {
                        "items": [
                            "minecraft:red_mushroom"
                        ]
                    }
                ]
            },
            "trigger": "minecraft:inventory_changed"
        },
        "has_crimson": {
            "conditions": {
                "items": [
                    {
                        "items": [
                            "minecraft:crimson_fungus"
                        ]
                    }
                ]
            },
            "trigger": "minecraft:inventory_changed"
        },
        "has_warped": {
            "conditions": {
                "items": [
                    {
                        "items": [
                            "minecraft:warped_fungus"
                        ]
                    }
                ]
            },
            "trigger": "minecraft:inventory_changed"
        },
        "has_the_recipe": {
            "conditions": {
                "recipe": "vgn:leather"
            },
            "trigger": "minecraft:recipe_unlocked"
        }
    },
    "requirements": [
        [
            "has_beetroot",
            "has_brown",
            "has_red",
            "has_crimson",
            "has_warped",
            "has_the_recipe"
        ]
    ],
    "rewards": {
        "recipes": [
            "vgn:leather"
        ]
    }
}