{
    "parent": "minecraft:recipes/root",
    "criteria": {
        "has_ink": {
            "conditions": {
                "items": [
                    {
                        "items": [
                            "minecraft:ink_sac"
                        ]
                    }
                ]
            },
            "trigger": "minecraft:inventory_changed"
        },
        "has_lichen": {
            "conditions": {
                "items": [
                    {
                        "items": [
                            "minecraft:glow_lichen"
                        ]
                    }
                ]
            },
            "trigger": "minecraft:inventory_changed"
        },
        "has_the_recipe": {
            "conditions": {
                "recipe": "vgn:glow_ink_sac"
            },
            "trigger": "minecraft:recipe_unlocked"
        }
    },
    "requirements": [
        [
            "has_ink",
            "has_lichen",
            "has_the_recipe"
        ]
    ],
    "rewards": {
        "recipes": [
            "vgn:glow_ink_sac"
        ]
    }
}