{
    "parent": "minecraft:recipes/root",
    "criteria": {
        "has_flower": {
            "conditions": {
                "items": [
                    {
                        "items": [
                            "minecraft:dandelion"
                        ]
                    }
                ]
            },
            "trigger": "minecraft:inventory_changed"
        },
        "has_the_recipe": {
            "conditions": {
                "recipe": "vgn:wool_yellow"
            },
            "trigger": "minecraft:recipe_unlocked"
        }
    },
    "requirements": [
        [
            "has_flower",
            "has_the_recipe"
        ]
    ],
    "rewards": {
        "recipes": [
            "vgn:wool_yellow"
        ]
    }
}