{
  "parent": "minecraft:recipes/root",
  "criteria": {
    "has_milk": {
      "conditions": {
        "items": [
          {
            "items": [
              "minecraft:milk_bucket"
            ]
          }
        ]
      },
      "trigger": "minecraft:inventory_changed"
    },
    "has_the_recipe": {
      "conditions": {
        "recipe": "vgn:cake"
      },
      "trigger": "minecraft:recipe_unlocked"
    }
  },
  "requirements": [
    [
      "has_milk",
      "has_the_recipe"
    ]
  ],
  "rewards": {
    "recipes": [
      "vgn:cake"
    ]
  }
}