{
    "parent": "minecraft:recipes/root",
    "criteria": {
        "has_coal": {
            "conditions": {
                "items": [
                    {
                        "items": [
                            "minecraft:coal"
                        ]
                    }
                ]
            },
            "trigger": "minecraft:inventory_changed"
        },
        "has_the_recipe": {
            "conditions": {
                "recipe": "vgn:coal_ink"
            },
            "trigger": "minecraft:recipe_unlocked"
        }
    },
    "requirements": [
        [
            "has_coal",
            "has_the_recipe"
        ]
    ],
    "rewards": {
        "recipes": [
            "vgn:coal_ink"
        ]
    }
}