{
    "parent": "minecraft:recipes/root",
    "criteria": {
        "has_stick": {
            "conditions": {
                "items": [
                    {
                        "items": [
                            "minecraft:stick"
                        ]
                    }
                ]
            },
            "trigger": "minecraft:inventory_changed"
        },
        "has_paper": {
            "conditions": {
                "items": [
                    {
                        "items": [
                            "minecraft:paper"
                        ]
                    }
                ]
            },
            "trigger": "minecraft:inventory_changed"
        },
        "has_the_recipe": {
            "conditions": {
                "recipe": "vgn:feather"
            },
            "trigger": "minecraft:recipe_unlocked"
        }
    },
    "requirements": [
        [
            "has_stick",
            "has_paper",
            "has_the_recipe"
        ]
    ],
    "rewards": {
        "recipes": [
            "vgn:feather"
        ]
    }
}