{
    "parent": "minecraft:recipes/root",
    "criteria": {
        "has_bluet": {
            "conditions": {
                "items": [
                    {
                        "items": [
                            "minecraft:azure_bluet"
                        ]
                    }
                ]
            },
            "trigger": "minecraft:inventory_changed"
        },
        "has_daisy": {
            "conditions": {
                "items": [
                    {
                        "items": [
                            "minecraft:oxeye_daisy"
                        ]
                    }
                ]
            },
            "trigger": "minecraft:inventory_changed"
        },
        "has_tulip": {
            "conditions": {
                "items": [
                    {
                        "items": [
                            "minecraft:white_tulip"
                        ]
                    }
                ]
            },
            "trigger": "minecraft:inventory_changed"
        },
        "has_the_recipe": {
            "conditions": {
                "recipe": "vgn:wool_light_gray"
            },
            "trigger": "minecraft:recipe_unlocked"
        }
    },
    "requirements": [
        [
            "has_bluet",
            "has_daisy",
            "has_tulip",
            "has_the_recipe"
        ]
    ],
    "rewards": {
        "recipes": [
            "vgn:wool_light_gray"
        ]
    }
}